2022/10/01 02:18:00,https://www.agoodcorner.com/jp,AEON,userida@AEON.net
2022/10/02 03:26:00,https://www.animashopping.com/jp,AEON,kyol@yahoo.co.jp
2022/10/02 03:30:00,https://www.agoodcorner.com/jp,AEON,userida@AEON.net
2022/10/02 14:46:00,https://www.animashopping.com/jp,AEON,uuaiesg@gmail.com
2022/10/02 15:22:00,https://rebrand.ly/367rp4m,三井住友カード,account-update@smbc.co.jp
2022/10/02 20:29:00,https://www.agoodcorner.com/jp,AEON,userida@AEON.net
2022/10/03 01:59:00,https://www.agoodcorner.com/jp,AEON,userida@AEON.net
2022/10/03 16:01:00,https://rebrand.ly/0xju4l7,三井住友カード,account-update@smbc.co.jp
2022/10/04 02:36:00,https://www.agoodcorner.com/jp,AEON,userida@AEON.net
2022/10/04 03:19:00,https://www.khabar8pehar.com/jp,tyhxorcy@yahoo.co.jp
2022/10/04 15:28:00,https://www.0779jiadian.com/jp,qsu@gmail.com
2022/10/05 03:17:00,https://www.agoodcorner.com/jp,AEON,userida@AEON.net
2022/10/05 03:37:00,https://rebrand.ly/0e389d,三井住友カード,account-update@smbc.co.jp
2022/10/05 04:17:00,https://www.0779jiadian.com/jp,ovwsl@yahoo.co.jp
2022/10/05 09:53:00,https://www.agoodcorner.com/jp,AEON,userida@AEON.net
2022/10/06 02:01:00,https://rebrand.ly/4590a7,三井住友カード,account-update@smbc.co.jp
2022/10/06 03:17:00,https://www.weibo-com.com/jp,AEON,userida@AEON.net
2022/10/06 06:34:00,https://www.zipfomsonline.com/jp,AEON,sxtrcpy@gmail.com
2022/10/06 10:21:00,https://rebrand.ly/c2o00y0,三井住友カード,account-update@smbc.co.jp
2022/10/06 10:29:00,https://www.weibo-com.com/jp,AEON,userida@AEON.net
2022/10/06 15:05:00,https://www.zipfomsonline.com/jp,AEON,nnzwbpd@yahoo.co.jp
2022/10/07 04:44:00,https://www.relaxedatwork.com/jp,AEON,atmk@gmail.com
2022/10/07 09:41:00,https://www.weibo-com.com/jp,AEON,userida@AEON.net
2022/10/07 15:07:00,https://rb.gy/uhsuhs,AEON,zijuk@gmail.com
2022/10/08 04:13:00,https://www.weibo-com.com/jp,AEON,userida@AEON.org
2022/10/08 06:31:00,https://www.hanscoind.com/jp,Amazon,npxrwh@gmail.com
2022/10/08 09:50:00,https://www.weibo-com.com/jp,AEON,userida@AEON.net
2022/10/08 16:01:00,https://rb.gy/0jgfnz,Amazon,fxka@yahoo.co.jp
2022/10/09 05:09:00,https://rb.gy/mjdvnj,Amazon,qlxbk@yahoo.co.jp
2022/10/09 12:38:00,https://www.weibo-com.com/jp,AEON,userida@AEON.com
2022/10/10 05:31:00,https://rb.gy/h5u30a,Amazon,vtfwbpb@yahoo.co.jp
2022/10/10 11:30:00,https://www.weibo-com.com/jp,AEON,userida@AEON.net
2022/10/11 04:06:00,https://urlzs.com/cXmLV,Amazon,apsvox@gmail.com
2022/10/11 04:17:00,https://www.weibo-com.com/jp,AEON,userida@AEON.net
2022/10/11 13:55:00,https://www.weibo-com.com/jp,AEON,userida@AEON.net
2022/10/11 14:26:00,https://urlzs.com/hzqAS,AEON,whdytgvb@hotmail.com